"coordinates","retweeted","source","entities__hashtags__text","entities__hashtags__indices__001","entities__hashtags__indices__002","entities__user_mentions__name","entities__user_mentions__screen_name","entities__user_mentions__indices__001","entities__user_mentions__indices__002","entities__user_mentions__id_str","entities__user_mentions__id","entities__urls__url","entities__urls__expanded_url","entities__urls__display_url","entities__urls__indices__001","entities__urls__indices__002","entities__media__expanded_url","entities__media__indices__001","entities__media__indices__002","entities__media__url","entities__media__media_url","entities__media__id_str","entities__media__id","entities__media__media_url_https","entities__media__sizes__|","entities__media__sizes__|__w","entities__media__sizes__|__h","entities__media__sizes__|__resize","entities__media__type","entities__media__display_url","display_text_range__001","display_text_range__002","favorite_count","in_reply_to_status_id_str","geo","id_str","in_reply_to_user_id","truncated","retweet_count","id","in_reply_to_status_id","possibly_sensitive","created_at","place","favorited","full_text","lang","contributors____-","contributors","in_reply_to_screen_name","in_reply_to_user_id_str","extended_entities__media__expanded_url","extended_entities__media__indices__001","extended_entities__media__indices__002","extended_entities__media__url","extended_entities__media__media_url","extended_entities__media__id_str","extended_entities__media__id","extended_entities__media__media_url_https","extended_entities__media__sizes__|","extended_entities__media__sizes__|__w","extended_entities__media__sizes__|__h","extended_entities__media__sizes__|__resize","extended_entities__media__type","extended_entities__media__display_url"
"null","False","<a href=""https://ifttt.com"" rel=""nofollow"">IFTTT</a>","","","","","","","","","","https://t.co/WZHYL1iBda","https://twngo.cf/2N5MiJN","twngo.cf/2N5MiJN","17.0","40.0","","","","","","","","","","","","","","","0.0","40.0","0.0","null","null","1012313214250635264","null","False","0.0","1.01231321425063526E18","null","False","Thu Jun 28 12:34:12 +0000 2018","null","False","[親子共學訊息]泰平共學村的價值 https://t.co/WZHYL1iBda","zh","","null","null","null","","","","","","","","","","","","","",""
"null","False","<a href=""https://ifttt.com"" rel=""nofollow"">IFTTT</a>","","","","","","","","","","https://t.co/cN7XIpB6s6","https://twngo.cf/2N6W7Y3","twngo.cf/2N6W7Y3","15.0","38.0","","","","","","","","","","","","","","","0.0","38.0","0.0","null","null","1012261929371553793","null","False","0.0","1.01226192937155379E18","null","False","Thu Jun 28 09:10:25 +0000 2018","null","False","[永社]比特幣吸金 有犯罪嗎 https://t.co/cN7XIpB6s6","ja","","null","null","null","","","","","","","","","","","","","",""
"null","False","<a href=""https://ifttt.com"" rel=""nofollow"">IFTTT</a>","","","","","","","","","","https://t.co/heUTFEhDIB","https://twngo.cf/2tRo25t","twngo.cf/2tRo25t","37.0","60.0","","","","","","","","","","","","","","","0.0","60.0","0.0","null","null","1012235025948045312","null","False","0.0","1.01223502594804531E18","null","False","Thu Jun 28 07:23:31 +0000 2018","null","False","[白絲帶協會]【手機約炮好easy？ 台灣年輕人逾4成曾與陌生人性行為】 https://t.co/heUTFEhDIB","zh","","null","null","null","","","","","","","","","","","","","",""
"null","False","<a href=""https://ifttt.com"" rel=""nofollow"">IFTTT</a>","","","","","","","","","","https://t.co/P7QxDd45Dt","https://twngo.cf/2lH2zZg","twngo.cf/2lH2zZg","36.0","59.0","","","","","","","","","","","","","","","0.0","59.0","0.0","null","null","1012235022751936513","null","False","0.0","1.01223502275193651E18","null","False","Thu Jun 28 07:23:30 +0000 2018","null","False","[白絲帶協會]【嚇到吃手手！ 消保處抽測15款手機APP 初檢0合格】 https://t.co/P7QxDd45Dt","zh","","null","null","null","","","","","","","","","","","","","",""
"null","False","<a href=""https://ifttt.com"" rel=""nofollow"">IFTTT</a>","","","","","","","","","","https://t.co/LMIU2NvXsF","https://twngo.cf/2tLkscK","twngo.cf/2tLkscK","36.0","59.0","","","","","","","","","","","","","","","0.0","59.0","0.0","null","null","1012194267501088768","null","False","0.0","1.01219426750108877E18","null","False","Thu Jun 28 04:41:33 +0000 2018","null","False","[環資訊息]好賣相小心反有毒 補食安漏洞 跨部會7月1日稽查化工原料行 https://t.co/LMIU2NvXsF","zh","","null","null","null","","","","","","","","","","","","","",""
"null","False","<a href=""https://ifttt.com"" rel=""nofollow"">IFTTT</a>","","","","","","","","","","https://t.co/j1zD1fIJoi","https://twngo.cf/2yO0Ni3","twngo.cf/2yO0Ni3","30.0","53.0","","","","","","","","","","","","","","","0.0","53.0","0.0","null","null","1012191719977254912","null","False","0.0","1.01219171997725491E18","null","False","Thu Jun 28 04:31:26 +0000 2018","null","False","[台權會 on Medium]台權會2018.06電子報： https://t.co/j1zD1fIJoi","zh","","null","null","null","","","","","","","","","","","","","",""
"null","False","<a href=""https://ifttt.com"" rel=""nofollow"">IFTTT</a>","","","","","","","","","","https://t.co/sSzKFevnvw","https://twngo.cf/2Iz2NKH","twngo.cf/2Iz2NKH","110.0","133.0","","","","","","","","","","","","","","","0.0","133.0","0.0","null","null","1012186610090246144","null","False","0.0","1.01218661009024614E18","null","False","Thu Jun 28 04:11:08 +0000 2018","null","False","[環資訊息]Landmark Triple Win Development Project: Land Crabs’ Habitat Saved by Land Swap in Houwan Bay, Pingtung https://t.co/sSzKFevnvw","en","","null","null","null","","","","","","","","","","","","","",""
"null","False","<a href=""https://ifttt.com"" rel=""nofollow"">IFTTT</a>","","","","","","","","","","https://t.co/RHx9bd4Z2V","https://twngo.cf/2tAT0iQ","twngo.cf/2tAT0iQ","17.0","40.0","","","","","","","","","","","","","","","0.0","40.0","0.0","null","null","1012184112420085760","null","False","0.0","1.01218411242008576E18","null","False","Thu Jun 28 04:01:12 +0000 2018","null","False","[永社]沒做功課就聲請釋憲的法官 https://t.co/RHx9bd4Z2V","zh","","null","null","null","","","","","","","","","","","","","",""
"null","False","<a href=""https://ifttt.com"" rel=""nofollow"">IFTTT</a>","","","","","","","","","","https://t.co/sDXIWpltfK","https://twngo.cf/2IC8fNe","twngo.cf/2IC8fNe","26.0","49.0","","","","","","","","","","","","","","","0.0","49.0","0.0","null","null","1012175810999017472","null","False","0.0","1.01217581099901747E18","null","False","Thu Jun 28 03:28:13 +0000 2018","null","False","[深耕德瑪汶]參與&分享。德瑪汶的學童陪讀 https://t.co/sDXIWpltfK","zh","","null","null","null","","","","","","","","","","","","","",""
"null","False","<a href=""https://ifttt.com"" rel=""nofollow"">IFTTT</a>","","","","","","","","","","https://t.co/p3dOec63Fu","https://twngo.cf/2yPw8RI","twngo.cf/2yPw8RI","32.0","55.0","","","","","","","","","","","","","","","0.0","55.0","0.0","null","null","1012175286794903553","null","False","0.0","1.01217528679490355E18","null","False","Thu Jun 28 03:26:08 +0000 2018","null","False","[環資訊息]生煤許可證審核原則由中央制定  挨批剝奪地方減煤權 https://t.co/p3dOec63Fu","zh","","null","null","null","","","","","","","","","","","","","",""
"null","False","<a href=""https://ifttt.com"" rel=""nofollow"">IFTTT</a>","","","","","","","","","","https://t.co/HqgoTP9IWA","https://twngo.cf/2MvN7ul","twngo.cf/2MvN7ul","23.0","46.0","","","","","","","","","","","","","","","0.0","46.0","0.0","null","null","1012171041748279296","null","False","0.0","1.0121710417482793E18","null","False","Thu Jun 28 03:09:16 +0000 2018","null","False","[環盟訊息]台灣環盟對新修正空污法的意見聲明 https://t.co/HqgoTP9IWA","zh","","null","null","null","","","","","","","","","","","","","",""
"null","False","<a href=""https://ifttt.com"" rel=""nofollow"">IFTTT</a>","","","","","","","","","","https://t.co/5U8c1rTcSt","https://twngo.cf/2N4c4xS","twngo.cf/2N4c4xS","36.0","59.0","","","","","","","","","","","","","","","0.0","59.0","1.0","null","null","1012163996353466370","null","False","0.0","1.01216399635346637E18","null","False","Thu Jun 28 02:41:16 +0000 2018","null","False","[環資訊息]顏聖紘：台灣獼猴自保育類下架（上）：除名前沒被說清楚的議題 https://t.co/5U8c1rTcSt","zh","","null","null","null","","","","","","","","","","","","","",""
"null","False","<a href=""https://ifttt.com"" rel=""nofollow"">IFTTT</a>","","","","","","","","","","https://t.co/hdjshhH550","https://twngo.cf/2tIHFwh","twngo.cf/2tIHFwh","28.0","51.0","","","","","","","","","","","","","","","0.0","51.0","0.0","null","null","1012162699076173824","null","False","0.0","1.01216269907617382E18","null","False","Thu Jun 28 02:36:07 +0000 2018","null","False","[環資訊息]曾自居「綠色銀行」  亞投行今破功投資煤炭 https://t.co/hdjshhH550","zh","","null","null","null","","","","","","","","","","","","","",""
"null","False","<a href=""https://ifttt.com"" rel=""nofollow"">IFTTT</a>","","","","","","","","","","https://t.co/sRrJgUKZMh","https://twngo.cf/2tLi2L8","twngo.cf/2tLi2L8","23.0","46.0","","","","","","","","","","","","","","","0.0","46.0","0.0","null","null","1012156939302776832","null","False","0.0","1.01215693930277683E18","null","False","Thu Jun 28 02:13:13 +0000 2018","null","False","[荒野訊息]【人才招募】台北分會專職秘書招募 https://t.co/sRrJgUKZMh","zh","","null","null","null","","","","","","","","","","","","","",""
"null","False","<a href=""https://ifttt.com"" rel=""nofollow"">IFTTT</a>","","","","","","","","","","https://t.co/LiFL7zkW58","https://twngo.cf/2Ivwj4h","twngo.cf/2Ivwj4h","54.0","77.0","","","","","","","","","","","","","","","0.0","77.0","0.0","null","null","1012009679185154048","null","False","0.0","1.01200967918515405E18","null","False","Wed Jun 27 16:28:04 +0000 2018","null","False","台灣同志諮詢熱線 Taiwan Tongzhi Hotline just uploaded a video https://t.co/LiFL7zkW58","zh","","null","null","null","","","","","","","","","","","","","",""
"null","False","<a href=""https://ifttt.com"" rel=""nofollow"">IFTTT</a>","","","","","","","","","","https://t.co/uuh4MFwEsp","https://twngo.cf/2KnCYCl","twngo.cf/2KnCYCl","60.0","83.0","","","","","","","","","","","","","","","0.0","83.0","0.0","null","null","1011977801468129281","null","False","0.0","1.01197780146812928E18","null","False","Wed Jun 27 14:21:24 +0000 2018","null","False","[高教工會訊息]【2018.6.27聲明】: 亞太學院師生持續爭取下 教育部終於承諾：「只要還有學生，就不會核定停辦」 https://t.co/uuh4MFwEsp","zh","","null","null","null","","","","","","","","","","","","","",""
"null","False","<a href=""https://ifttt.com"" rel=""nofollow"">IFTTT</a>","","","","","","","","","","https://t.co/8NnzxMNIWs","https://twngo.cf/2MtYyCy","twngo.cf/2MtYyCy","42.0","65.0","","","","","","","","","","","","","","","0.0","65.0","0.0","null","null","1011962169330688002","null","False","0.0","1.011962169330688E18","null","False","Wed Jun 27 13:19:17 +0000 2018","null","False","[公民行動資料庫]【新聞稿】「桃園市議會第一屆第七會期質詢率暨議事透明度」觀察報告 https://t.co/8NnzxMNIWs","zh","","null","null","null","","","","","","","","","","","","","",""
"null","False","<a href=""http://twitter.com"" rel=""nofollow"">Twitter Web Client</a>","Medium","74.0","81.0","jxtsai","a5288","3.0","9.0","809491","809491.0","","","","","","","","","","","","","","","","","","","","0.0","140.0","0.0","null","null","1011961989529153536","null","False","0.0","1.01196198952915354E18","null","","Wed Jun 27 13:18:34 +0000 2018","null","False","RT @a5288: 雖然目前台灣 NGO 尚無法放棄對臉書的依賴, 但若能分散地利用各式網路平台服務更好。之前試圖說服平冤協會把它們電子報也放到 #Medium 他們每月二期的電子報是我近二年來看到台灣NGO當中做得最好的一份。當然平冤的許多工作往往是網路上看不到的\nhttp…","zh","","null","null","null","","","","","","","","","","","","","",""
"null","False","<a href=""https://ifttt.com"" rel=""nofollow"">IFTTT</a>","","","","","","","","","","https://t.co/VhanBf7LsP","https://twngo.cf/2KrcY5O","twngo.cf/2KrcY5O","42.0","65.0","","","","","","","","","","","","","","","0.0","65.0","0.0","null","null","1011959658125447169","null","False","0.0","1.01195965812544717E18","null","False","Wed Jun 27 13:09:18 +0000 2018","null","False","[公民行動資料庫]【新聞稿】啟動家暴預防工程 刻不容緩 ─ 家庭暴力防治法20週年 https://t.co/VhanBf7LsP","zh","","null","null","null","","","","","","","","","","","","","",""
"null","False","<a href=""https://ifttt.com"" rel=""nofollow"">IFTTT</a>","","","","","","","","","","https://t.co/8Nxqvg7hHx","https://twngo.cf/2K9KdP0","twngo.cf/2K9KdP0","46.0","69.0","","","","","","","","","","","","","","","0.0","69.0","0.0","null","null","1011957159884677120","null","False","0.0","1.01195715988467712E18","null","False","Wed Jun 27 12:59:22 +0000 2018","null","False","[公民行動資料庫]【新聞稿】主管機關對財團法人醫院弊端處理不力   醫改會赴監院陳情檢舉！ https://t.co/8Nxqvg7hHx","zh","","null","null","null","","","","","","","","","","","","","",""
"null","False","<a href=""https://ifttt.com"" rel=""nofollow"">IFTTT</a>","","","","","","","","","","https://t.co/WSm4IlosmD","https://twngo.cf/2KsaLay","twngo.cf/2KsaLay","49.0","72.0","","","","","","","","","","","","","","","0.0","72.0","0.0","null","null","1011954699606614019","null","False","0.0","1.01195469960661402E18","null","False","Wed Jun 27 12:49:36 +0000 2018","null","False","[公民行動資料庫]【聲明】亞太學院師生持續爭取下 教育部終於承諾：只要還有學生，就不會核定停辦！ https://t.co/WSm4IlosmD","zh","","null","null","null","","","","","","","","","","","","","",""
"null","False","<a href=""https://ifttt.com"" rel=""nofollow"">IFTTT</a>","","","","","","","","","","https://t.co/mLLrzrAo4a","https://twngo.cf/2KnL3E4","twngo.cf/2KnL3E4","35.0","58.0","","","","","","","","","","","","","","","0.0","58.0","0.0","null","null","1011940759610822657","null","False","0.0","1.01194075961082266E18","null","False","Wed Jun 27 11:54:12 +0000 2018","null","False","[公民行動資料庫]勞動部勸「勞權公投案」要審慎 勞團痛批打壓、護資方 https://t.co/mLLrzrAo4a","zh","","null","null","null","","","","","","","","","","","","","",""
"null","False","<a href=""https://ifttt.com"" rel=""nofollow"">IFTTT</a>","","","","","","","","","","https://t.co/G7wpwvG5Vm","https://twngo.cf/2lBzE8M","twngo.cf/2lBzE8M","54.0","77.0","","","","","","","","","","","","","","","0.0","77.0","0.0","null","null","1011917833415118849","null","False","0.0","1.01191783341511885E18","null","False","Wed Jun 27 10:23:06 +0000 2018","null","False","台灣同志諮詢熱線 Taiwan Tongzhi Hotline just uploaded a video https://t.co/G7wpwvG5Vm","zh","","null","null","null","","","","","","","","","","","","","",""
"null","False","<a href=""https://ifttt.com"" rel=""nofollow"">IFTTT</a>","","","","","","","","","","https://t.co/yzTKSYu01a","https://twngo.cf/2IvixOY","twngo.cf/2IvixOY","38.0","61.0","","","","","","","","","","","","","","","0.0","61.0","0.0","null","null","1011911219068985344","null","False","0.0","1.01191121906898534E18","null","False","Wed Jun 27 09:56:49 +0000 2018","null","False","[環資訊息]20％面積引進未登記工廠等同20％排放？ 「神岡豐洲」還需補件 https://t.co/yzTKSYu01a","zh","","null","null","null","","","","","","","","","","","","","",""
"null","False","<a href=""https://ifttt.com"" rel=""nofollow"">IFTTT</a>","","","","","","","","","","https://t.co/xWwmiye4By","https://twngo.cf/2tO2KWn","twngo.cf/2tO2KWn","40.0","63.0","","","","","","","","","","","","","","","0.0","63.0","0.0","null","null","1011864752627372032","null","False","0.0","1.01186475262737203E18","null","False","Wed Jun 27 06:52:11 +0000 2018","null","False","[公督盟訊息]失控！國家百億預算待解凍！ 107年國營事業預算延宕209天！  https://t.co/xWwmiye4By","zh","","null","null","null","","","","","","","","","","","","","",""
"null","False","<a href=""https://ifttt.com"" rel=""nofollow"">IFTTT</a>","","","","","","","","","","https://t.co/wPujdCcvGM","https://twngo.cf/2IvsD2u","twngo.cf/2IvsD2u","43.0","66.0","","","","","","","","","","","","","","","0.0","66.0","0.0","null","null","1011841841183027201","null","False","0.0","1.0118418411830272E18","null","False","Wed Jun 27 05:21:08 +0000 2018","null","False","[環資訊息]環保署：汽機車排放減量供抵換  僅限高屏 老車加嚴 四行程有保養不受影響 https://t.co/wPujdCcvGM","zh","","null","null","null","","","","","","","","","","","","","",""
"null","False","<a href=""https://ifttt.com"" rel=""nofollow"">IFTTT</a>","","","","","","","","","","https://t.co/VpzupVBjAj","https://twngo.cf/2IsHmes","twngo.cf/2IsHmes","26.0","49.0","","","","","","","","","","","","","","","0.0","49.0","0.0","null","null","1011816706732363776","null","False","0.0","1.01181670673236378E18","null","False","Wed Jun 27 03:41:16 +0000 2018","null","False","[環資訊息]發現新種「梅峰石蜈蚣」 第二性徵成關鍵 https://t.co/VpzupVBjAj","zh","","null","null","null","","","","","","","","","","","","","",""
"null","False","<a href=""https://ifttt.com"" rel=""nofollow"">IFTTT</a>","","","","","","","","","","https://t.co/RIrfPpem6R","https://twngo.cf/2KswHSA","twngo.cf/2KswHSA","30.0","53.0","","","","","","","","","","","","","","","0.0","53.0","0.0","null","null","1011814264208838656","null","False","0.0","1.01181426420883866E18","null","False","Wed Jun 27 03:31:33 +0000 2018","null","False","[環資訊息]嶐嶐溪巡查日記：跨過固床工河段上溯遇見自然野溪 https://t.co/RIrfPpem6R","zh","","null","null","null","","","","","","","","","","","","","",""
"null","False","<a href=""https://ifttt.com"" rel=""nofollow"">IFTTT</a>","","","","","","","","","","https://t.co/JGb4ysdH0G","https://twngo.cf/2tHgzpv","twngo.cf/2tHgzpv","27.0","50.0","","","","","","","","","","","","","","","0.0","50.0","0.0","null","null","1011805367624495104","null","False","0.0","1.0118053676244951E18","null","False","Wed Jun 27 02:56:12 +0000 2018","null","False","[環資訊息]都市裡養老虎？  美國家虎竟比全球野虎多 https://t.co/JGb4ysdH0G","zh","","null","null","null","","","","","","","","","","","","","",""
"null","False","<a href=""https://ifttt.com"" rel=""nofollow"">IFTTT</a>","","","","","","","","","","https://t.co/VRcdyzlXMa","https://twngo.cf/2KaqRJR","twngo.cf/2KaqRJR","42.0","65.0","","","","","","","","","","","","","","","0.0","65.0","0.0","null","null","1011653876095901696","null","False","0.0","1.0116538760959017E18","null","False","Tue Jun 26 16:54:14 +0000 2018","null","False","[親子共學訊息]【2018年7/28~7/29嘉義親子共學家庭教育實踐班】課程簡章 https://t.co/VRcdyzlXMa","zh","","null","null","null","","","","","","","","","","","","","",""
"null","False","<a href=""https://ifttt.com"" rel=""nofollow"">IFTTT</a>","","","","","","","","","","https://t.co/o2I6UwLxJE","https://twngo.cf/2MZpafX","twngo.cf/2MZpafX","45.0","68.0","","","","","","","","","","","","","","","0.0","68.0","1.0","null","null","1011633751309344769","null","False","1.0","1.01163375130934477E18","null","False","Tue Jun 26 15:34:16 +0000 2018","null","False","[公民行動資料庫]【新聞稿】亞泥礦下有人 不要再挖我家——守護國土 捍衛太魯閣Truku https://t.co/o2I6UwLxJE","zh","","null","null","null","","","","","","","","","","","","","",""
"null","False","<a href=""https://ifttt.com"" rel=""nofollow"">IFTTT</a>","","","","","","","","","","https://t.co/GVSyNLNsSk","https://twngo.cf/2yMl6wo","twngo.cf/2yMl6wo","33.0","56.0","","","","","","","","","","","","","","","0.0","56.0","0.0","null","null","1011631201344524288","null","False","0.0","1.01163120134452429E18","null","False","Tue Jun 26 15:24:08 +0000 2018","null","False","[公民行動資料庫]【新聞稿】勞工團體再次抗議  宏達電仍拒不回應 https://t.co/GVSyNLNsSk","zh","","null","null","null","","","","","","","","","","","","","",""
"null","False","<a href=""https://ifttt.com"" rel=""nofollow"">IFTTT</a>","","","","","","","","","","https://t.co/cBxeD6pKzw","https://twngo.cf/2MpD3D3","twngo.cf/2MpD3D3","36.0","59.0","","","","","","","","","","","","","","","0.0","59.0","0.0","null","null","1011604796636352514","null","False","0.0","1.01160479663635251E18","null","False","Tue Jun 26 13:39:12 +0000 2018","null","False","[公民行動資料庫]礦場開採破壞山林40年 太魯閣族人北上亞泥股東會抗議 https://t.co/cBxeD6pKzw","zh","","null","null","null","","","","","","","","","","","","","",""
"null","False","<a href=""https://ifttt.com"" rel=""nofollow"">IFTTT</a>","","","","","","","","","","https://t.co/VZOIbBeaUh","https://twngo.cf/2KmXSSc","twngo.cf/2KmXSSc","43.0","66.0","","","","","","","","","","","","","","","0.0","66.0","0.0","null","null","1011568849097981953","null","False","0.0","1.01156884909798195E18","null","False","Tue Jun 26 11:16:22 +0000 2018","null","False","[環資訊息]野外觀察不怕沒人鑑定  iNaturalist 中文化  自然觀察更容易 https://t.co/VZOIbBeaUh","zh","","null","null","null","","","","","","","","","","","","","",""
"null","False","<a href=""https://ifttt.com"" rel=""nofollow"">IFTTT</a>","LGBTIQTaiwan","62.0","75.0","","","","","","","https://t.co/3PqcscQFQh","https://twngo.cf/2tDma00","twngo.cf/2tDma00","38.0","61.0","","","","","","","","","","","","","","","0.0","75.0","1.0","null","null","1011546122358349824","null","False","0.0","1.01154612235834982E18","null","False","Tue Jun 26 09:46:03 +0000 2018","null","False","[同志熱線訊息]20180708（日）青少年同志聚會：暑假動動手time！ https://t.co/3PqcscQFQh #LGBTIQTaiwan","zh","","null","null","null","","","","","","","","","","","","","",""
"null","False","<a href=""https://ifttt.com"" rel=""nofollow"">IFTTT</a>","","","","","","","","","","https://t.co/R1fze4REJE","https://twngo.cf/2KpLzo4","twngo.cf/2KpLzo4","26.0","49.0","","","","","","","","","","","","","","","0.0","49.0","0.0","null","null","1011543668728229889","null","False","0.0","1.01154366872822989E18","null","False","Tue Jun 26 09:36:18 +0000 2018","null","False","[台語文基金會]相片【頒獎典禮】2018有影講台語 https://t.co/R1fze4REJE","zh","","null","null","null","","","","","","","","","","","","","",""
"null","False","<a href=""https://ifttt.com"" rel=""nofollow"">IFTTT</a>","","","","","","","","","","https://t.co/fLy30LrS1J","https://twngo.cf/2yLhLO8","twngo.cf/2yLhLO8","14.0","37.0","","","","","","","","","","","","","","","0.0","37.0","0.0","null","null","1011537861244588033","null","False","0.0","1.01153786124458803E18","null","False","Tue Jun 26 09:13:14 +0000 2018","null","False","[永社]華山大草原是破窗嗎 https://t.co/fLy30LrS1J","zh","","null","null","null","","","","","","","","","","","","","",""
"null","False","<a href=""https://ifttt.com"" rel=""nofollow"">IFTTT</a>","","","","","","","","","","https://t.co/5AbZHs6TRT","https://twngo.cf/2tFS6k2","twngo.cf/2tFS6k2","16.0","39.0","","","","","","","","","","","","","","","0.0","39.0","0.0","null","null","1011535349703733248","null","False","0.0","1.01153534970373325E18","null","False","Tue Jun 26 09:03:15 +0000 2018","null","False","[永社]現行法制拿關說也沒辦法 https://t.co/5AbZHs6TRT","zh","","null","null","null","","","","","","","","","","","","","",""
"null","False","<a href=""https://ifttt.com"" rel=""nofollow"">IFTTT</a>","","","","","","","","","","https://t.co/dFhH7iP3cZ","https://twngo.cf/2lzx0Av","twngo.cf/2lzx0Av","37.0","60.0","","","","","","","","","","","","","","","0.0","60.0","0.0","null","null","1011527341477122050","null","False","0.0","1.01152734147712205E18","null","False","Tue Jun 26 08:31:26 +0000 2018","null","False","[環資訊息]「礦下有人」 亞泥股東會場外 新城山、關西居民現身爆衝突   https://t.co/dFhH7iP3cZ","zh","","null","null","null","","","","","","","","","","","","","",""
"null","False","<a href=""https://about.twitter.com/products/tweetdeck"" rel=""nofollow"">TweetDeck</a>","","","","","","","","","","https://t.co/JOf3kAMYjv","https://to.twngo.xyz/2N1Vej4","to.twngo.xyz/2N1Vej4","54.0","77.0","","","","","","","","","","","","","","","0.0","77.0","0.0","null","null","1011527233180069888","null","False","1.0","1.01152723318006989E18","null","False","Tue Jun 26 08:31:00 +0000 2018","null","False","[NGO 推進器] 本週想來聊聊 NGOs (法律) 個案管理系統，但文章的重點絕不是推銷置入任何服務商。 https://t.co/JOf3kAMYjv","zh","","null","null","null","","","","","","","","","","","","","",""
"null","False","<a href=""https://ifttt.com"" rel=""nofollow"">IFTTT</a>","","","","","","","","","","https://t.co/Z6Etuh2HgP","https://twngo.cf/2MZX58o","twngo.cf/2MZX58o","32.0","55.0","","","","","","","","","","","","","","","0.0","55.0","0.0","null","null","1011518984234074112","null","False","0.0","1.01151898423407411E18","null","False","Tue Jun 26 07:58:13 +0000 2018","null","False","[伊甸]伊甸基金會 just uploaded a video https://t.co/Z6Etuh2HgP","zh","","null","null","null","","","","","","","","","","","","","",""
"null","False","<a href=""https://ifttt.com"" rel=""nofollow"">IFTTT</a>","","","","","","","","","","https://t.co/s3E23Fy9in","https://twngo.cf/2MjaKG8","twngo.cf/2MjaKG8","32.0","55.0","","","","","","","","","","","","","","","0.0","55.0","0.0","null","null","1011518981734268928","null","False","0.0","1.01151898173426893E18","null","False","Tue Jun 26 07:58:13 +0000 2018","null","False","[伊甸]伊甸基金會 just uploaded a video https://t.co/s3E23Fy9in","zh","","null","null","null","","","","","","","","","","","","","",""
"null","False","<a href=""https://ifttt.com"" rel=""nofollow"">IFTTT</a>","","","","","","","","","","https://t.co/3AY7Wlf52t","https://twngo.cf/2KioLn3","twngo.cf/2KioLn3","38.0","61.0","","","","","","","","","","","","","","","0.0","61.0","0.0","null","null","1011517243547582464","null","False","0.0","1.01151724354758246E18","null","False","Tue Jun 26 07:51:18 +0000 2018","null","False","[環資訊息]【廣編】永續衣著，穿衣新哲學 ──WILDGREEN冶綠有機棉 https://t.co/3AY7Wlf52t","zh","","null","null","null","","","","","","","","","","","","","",""
"null","False","<a href=""https://ifttt.com"" rel=""nofollow"">IFTTT</a>","","","","","","","","","","https://t.co/VTWhCWDIgS","https://twngo.cf/2lBf5JK","twngo.cf/2lBf5JK","47.0","70.0","","","","","","","","","","","","","","","0.0","70.0","0.0","null","null","1011512443636502528","null","False","0.0","1.01151244363650253E18","null","False","Tue Jun 26 07:32:14 +0000 2018","null","False","[蠻野心足訊息][聯合新聞稿] 亞泥礦下有人 不要再挖我家  守護國土 捍衛太魯閣Truku https://t.co/VTWhCWDIgS","zh","","null","null","null","","","","","","","","","","","","","",""
"null","False","<a href=""https://ifttt.com"" rel=""nofollow"">IFTTT</a>","","","","","","","","","","https://t.co/ZaXa5ElZ8J","https://twngo.cf/2KpgkpV","twngo.cf/2KpgkpV","27.0","50.0","","","","","","","","","","","","","","","0.0","50.0","0.0","null","null","1011512002420895745","null","False","0.0","1.01151200242089574E18","null","False","Tue Jun 26 07:30:29 +0000 2018","null","False","[白絲帶協會]【用手機熬夜看世足 小心增加視力負擔】 https://t.co/ZaXa5ElZ8J","zh","","null","null","null","","","","","","","","","","","","","",""
"null","False","<a href=""https://ifttt.com"" rel=""nofollow"">IFTTT</a>","","","","","","","","","","https://t.co/yFR24OAr5B","https://twngo.cf/2KiqKuL","twngo.cf/2KiqKuL","28.0","51.0","","","","","","","","","","","","","","","0.0","51.0","0.0","null","null","1011511999010918400","null","False","0.0","1.0115119990109184E18","null","False","Tue Jun 26 07:30:28 +0000 2018","null","False","[白絲帶協會]【假的！ 「臭跩貓」送免費貼圖騙個資！】 https://t.co/yFR24OAr5B","zh","","null","null","null","","","","","","","","","","","","","",""
"null","False","<a href=""https://ifttt.com"" rel=""nofollow"">IFTTT</a>","","","","","","","","","","https://t.co/Z6Etuh2HgP","https://twngo.cf/2MZX58o","twngo.cf/2MZX58o","28.0","51.0","","","","","","","","","","","","","","","0.0","51.0","0.0","null","null","1011502453060227072","null","False","0.0","1.01150245306022707E18","null","False","Tue Jun 26 06:52:32 +0000 2018","null","False","伊甸基金會 just uploaded a video https://t.co/Z6Etuh2HgP","zh","","null","null","null","","","","","","","","","","","","","",""
"null","False","<a href=""https://ifttt.com"" rel=""nofollow"">IFTTT</a>","","","","","","","","","","https://t.co/s3E23Fy9in","https://twngo.cf/2MjaKG8","twngo.cf/2MjaKG8","28.0","51.0","","","","","","","","","","","","","","","0.0","51.0","0.0","null","null","1011498599421759489","null","False","0.0","1.01149859942175949E18","null","False","Tue Jun 26 06:37:13 +0000 2018","null","False","伊甸基金會 just uploaded a video https://t.co/s3E23Fy9in","zh","","null","null","null","","","","","","","","","","","","","",""
"null","False","<a href=""https://ifttt.com"" rel=""nofollow"">IFTTT</a>","","","","","","","","","","https://t.co/AiKXpSbP6w","https://twngo.cf/2K5KHWm","twngo.cf/2K5KHWm","30.0","53.0","","","","","","","","","","","","","","","0.0","53.0","0.0","null","null","1011488301499473922","null","False","0.0","1.01148830149947392E18","null","False","Tue Jun 26 05:56:18 +0000 2018","null","False","[環資訊息]空污法三讀 空品維護區老車限行 台中學區將優先 https://t.co/AiKXpSbP6w","zh","","null","null","null","","","","","","","","","","","","","",""
"null","False","<a href=""https://ifttt.com"" rel=""nofollow"">IFTTT</a>","TaiwanInnocenceProject","47.0","70.0","","","","","","","https://t.co/AH2rIB9Pxe","https://twngo.cf/2lAqB8f","twngo.cf/2lAqB8f","23.0","46.0","","","","","","","","","","","","","","","0.0","70.0","0.0","null","null","1011486087842279424","null","False","0.0","1.01148608784227942E18","null","False","Tue Jun 26 05:47:30 +0000 2018","null","False","[平冤訊息]《平冤週報》 6/16~6/23 https://t.co/AH2rIB9Pxe ＃TaiwanInnocenceProject","zh","","null","null","null","","","","","","","","","","","","","",""
"null","False","<a href=""https://ifttt.com"" rel=""nofollow"">IFTTT</a>","","","","","","","","","","https://t.co/vRmpnls6as","https://twngo.cf/2JvCpqo","twngo.cf/2JvCpqo","46.0","69.0","","","","","","","","","","","","","","","0.0","69.0","0.0","null","null","1006084417062875137","null","False","0.0","1.00608441706287514E18","null","False","Mon Jun 11 08:03:11 +0000 2018","null","False","[Global Action Taiwan]Lilyian：聰明是種天賦，良善則是一種選擇 https://t.co/vRmpnls6as","zh","","null","null","null","","","","","","","","","","","","","",""
"null","False","<a href=""https://ifttt.com"" rel=""nofollow"">IFTTT</a>","","","","","","","","","","https://t.co/Ax57ygpB8s","https://twngo.cf/2MjqsBU","twngo.cf/2MjqsBU","19.0","42.0","","","","","","","","","","","","","","","0.0","42.0","0.0","null","null","1006081923637182464","null","False","1.0","1.00608192363718246E18","null","False","Mon Jun 11 07:53:17 +0000 2018","null","False","[永社]打擊網路假新聞　看德國怎麼做 https://t.co/Ax57ygpB8s","zh","","null","null","null","","","","","","","","","","","","","",""
"null","False","<a href=""https://ifttt.com"" rel=""nofollow"">IFTTT</a>","","","","","","","","","","https://t.co/yGcTlCai5q","https://twngo.cf/2MfBloG","twngo.cf/2MfBloG","27.0","50.0","","","","","","","","","","","","","","","0.0","50.0","0.0","null","null","1006064295657041920","null","False","0.0","1.00606429565704192E18","null","False","Mon Jun 11 06:43:14 +0000 2018","null","False","[環資訊息]抨新空污法消滅二行程 車主預告週末上凱道 https://t.co/yGcTlCai5q","zh","","null","null","null","","","","","","","","","","","","","",""
"null","False","<a href=""https://ifttt.com"" rel=""nofollow"">IFTTT</a>","","","","","","","","","","https://t.co/puU4xYgFMd","https://twngo.cf/2JvJPu9","twngo.cf/2JvJPu9","30.0","53.0","","","","","","","","","","","","","","","0.0","53.0","0.0","null","null","1006056743716220928","null","False","0.0","1.00605674371622093E18","null","False","Mon Jun 11 06:13:13 +0000 2018","null","False","[環資訊息]航空城捷運G09重納開發範圍 不同意戶面臨徵收 https://t.co/puU4xYgFMd","zh","","null","null","null","","","","","","","","","","","","","",""
"null","False","<a href=""https://ifttt.com"" rel=""nofollow"">IFTTT</a>","","","","","","","","","","https://t.co/YmXRPkZMPf","https://twngo.cf/2sI8QaX","twngo.cf/2sI8QaX","16.0","39.0","","","","","","","","","","","","","","","0.0","39.0","0.0","null","null","1006056710732165120","null","False","0.0","1.00605671073216512E18","null","False","Mon Jun 11 06:13:06 +0000 2018","null","False","[澄社訊息]對台31條的虛與實 https://t.co/YmXRPkZMPf","zh","","null","null","null","","","","","","","","","","","","","",""
"null","False","<a href=""https://ifttt.com"" rel=""nofollow"">IFTTT</a>","","","","","","","","","","https://t.co/VoMjwUXVhv","https://twngo.cf/2JrrEpb","twngo.cf/2JrrEpb","25.0","48.0","","","","","","","","","","","","","","","0.0","48.0","0.0","null","null","1006049462157021185","null","False","0.0","1.00604946215702118E18","null","False","Mon Jun 11 05:44:17 +0000 2018","null","False","[當代漂泊訊息]2018 愛睏 – 我想好好睡覺 https://t.co/VoMjwUXVhv","zh","","null","null","null","","","","","","","","","","","","","",""
"null","False","<a href=""https://ifttt.com"" rel=""nofollow"">IFTTT</a>","","","","","","","","","","https://t.co/Cdjo2RSs2I","https://twngo.cf/2sN7iMF","twngo.cf/2sN7iMF","64.0","87.0","","","","","","","","","","","","","","","0.0","87.0","0.0","null","null","1006031664869511169","null","False","0.0","1.00603166486951117E18","null","False","Mon Jun 11 04:33:34 +0000 2018","null","False","[高教工會訊息]亞太學院校方突襲申請停辦  全校學生群情激憤 北上教育部  拒絕核准停辦！要求保障原校畢業、原有師資、原有權益 https://t.co/Cdjo2RSs2I","zh","","null","null","null","","","","","","","","","","","","","",""
"null","False","<a href=""https://ifttt.com"" rel=""nofollow"">IFTTT</a>","","","","","","","","","","https://t.co/cMM4BckbhT","https://twngo.cf/2HC2A92","twngo.cf/2HC2A92","37.0","60.0","","","","","","","","","","","","","","","0.0","60.0","0.0","null","null","1006029133552455680","null","False","0.0","1.00602913355245568E18","null","False","Mon Jun 11 04:23:31 +0000 2018","null","False","[永社] 0622「大法庭大？還是最高法院大？」永社司改系列座談會（七） https://t.co/cMM4BckbhT","zh","","null","null","null","","","","","","","","","","","","","",""
"null","False","<a href=""https://ifttt.com"" rel=""nofollow"">IFTTT</a>","","","","","","","","","","https://t.co/GFcSF2xeTI","https://twngo.cf/2JED7RA","twngo.cf/2JED7RA","26.0","49.0","","","","","","","","","","","","","","","0.0","49.0","0.0","null","null","1006021540125773825","null","False","0.0","1.00602154012577382E18","null","False","Mon Jun 11 03:53:20 +0000 2018","null","False","[環資訊息]玳瑁救傷野放10週  洄游路徑生態揭秘 https://t.co/GFcSF2xeTI","zh","","null","null","null","","","","","","","","","","","","","",""
"null","False","<a href=""https://ifttt.com"" rel=""nofollow"">IFTTT</a>","","","","","","","","","","https://t.co/UfedEbHTOk","https://twngo.cf/2sKfZrm","twngo.cf/2sKfZrm","31.0","54.0","","","","","","","","","","","","","","","0.0","54.0","0.0","null","null","1006020245658750976","null","False","0.0","1.00602024565875098E18","null","False","Mon Jun 11 03:48:12 +0000 2018","null","False","[環資訊息]【我們的島】綠光的啟示 認清賞螢經濟只是附加價值 https://t.co/UfedEbHTOk","zh","","null","null","null","","","","","","","","","","","","","",""
"null","False","<a href=""https://ifttt.com"" rel=""nofollow"">IFTTT</a>","","","","","","","","","","https://t.co/O8aF4PAFsq","https://twngo.cf/2LHOequ","twngo.cf/2LHOequ","36.0","59.0","","","","","","","","","","","","","","","0.0","59.0","0.0","null","null","1006018812418895872","null","False","0.0","1.00601881241889587E18","null","False","Mon Jun 11 03:42:30 +0000 2018","null","False","[婦女新知訊息]【聲援行動】看護工周休1日24小時，譴責勞動部傲慢怠惰 https://t.co/O8aF4PAFsq","zh","","null","null","null","","","","","","","","","","","","","",""
"null","False","<a href=""https://ifttt.com"" rel=""nofollow"">IFTTT</a>","","","","","","","","","","https://t.co/1uTADjHfiF","https://twngo.cf/2JsIcNK","twngo.cf/2JsIcNK","32.0","55.0","","","","","","","","","","","","","","","0.0","55.0","0.0","null","null","1006017751247392768","null","False","0.0","1.00601775124739277E18","null","False","Mon Jun 11 03:38:17 +0000 2018","null","False","[環資訊息]【我們的島】城市邊界的空污戰爭 鶯歌居民要乾淨空氣 https://t.co/1uTADjHfiF","zh","","null","null","null","","","","","","","","","","","","","",""
"null","False","<a href=""https://ifttt.com"" rel=""nofollow"">IFTTT</a>","","","","","","","","","","https://t.co/sBuxQxLgwq","https://twngo.cf/2JpH90Z","twngo.cf/2JpH90Z","44.0","67.0","","","","","","","","","","","","","","","0.0","67.0","0.0","null","null","1006017188074000384","null","False","0.0","1.00601718807400038E18","null","False","Mon Jun 11 03:36:03 +0000 2018","null","False","[智障者家長總會 ]中華民國智障者家長總會 just uploaded a video https://t.co/sBuxQxLgwq","zh","","null","null","null","","","","","","","","","","","","","",""
"null","False","<a href=""https://ifttt.com"" rel=""nofollow"">IFTTT</a>","","","","","","","","","","https://t.co/idGIfiQlv6","https://twngo.cf/2kZPLfW","twngo.cf/2kZPLfW","29.0","52.0","","","","","","","","","","","","","","","0.0","52.0","0.0","null","null","1006015269322526720","null","False","0.0","1.00601526932252672E18","null","False","Mon Jun 11 03:28:25 +0000 2018","null","False","[環資訊息]【我們的島】留住未來木  台灣杉人工林的故事 https://t.co/idGIfiQlv6","zh","","null","null","null","","","","","","","","","","","","","",""
"null","False","<a href=""https://ifttt.com"" rel=""nofollow"">IFTTT</a>","","","","","","","","","","https://t.co/ywz7Uia4OE","https://twngo.cf/2sMrL4v","twngo.cf/2sMrL4v","31.0","54.0","","","","","","","","","","","","","","","0.0","54.0","0.0","null","null","1006013586899111937","null","False","0.0","1.00601358689911194E18","null","False","Mon Jun 11 03:21:44 +0000 2018","null","False","公民監督國會聯盟 just uploaded a video https://t.co/ywz7Uia4OE","zh","","null","null","null","","","","","","","","","","","","","",""
"null","False","<a href=""https://ifttt.com"" rel=""nofollow"">IFTTT</a>","","","","","","","","","","https://t.co/tkW4Xy9GB9","https://twngo.cf/2JEFtA5","twngo.cf/2JEFtA5","24.0","47.0","","","","","","","","","","","","","","","0.0","47.0","0.0","null","null","1006013484365221888","null","False","0.0","1.00601348436522189E18","null","False","Mon Jun 11 03:21:20 +0000 2018","null","False","[綠色和平台灣]無所不在的塑膠污染，已入侵南極 https://t.co/tkW4Xy9GB9","zh","","null","null","null","","","","","","","","","","","","","",""
"null","False","<a href=""https://ifttt.com"" rel=""nofollow"">IFTTT</a>","","","","","","","","","","https://t.co/UaARgYbIez","https://twngo.cf/2sMXTVz","twngo.cf/2sMXTVz","33.0","56.0","","","","","","","","","","","","","","","0.0","56.0","0.0","null","null","1006008957637398528","null","False","0.0","1.00600895763739853E18","null","False","Mon Jun 11 03:03:20 +0000 2018","null","False","[環資訊息]後灣保住陸蟹棲地  首例「以地易地」開發成就三方共贏 https://t.co/UaARgYbIez","zh","","null","null","null","","","","","","","","","","","","","",""
"null","False","<a href=""https://ifttt.com"" rel=""nofollow"">IFTTT</a>","","","","","","","","","","https://t.co/acfjDAf9Ne","https://twngo.cf/2JEx2oe","twngo.cf/2JEx2oe","29.0","52.0","","","","","","","","","","","","","","","0.0","52.0","0.0","null","null","1006002676373577729","null","False","0.0","1.00600267637357773E18","null","False","Mon Jun 11 02:38:23 +0000 2018","null","False","[環資訊息]抗塑戰爭 印度環境部長籲：每天實踐一項綠行動 https://t.co/acfjDAf9Ne","zh","","null","null","null","","","","","","","","","","","","","",""
"null","False","<a href=""https://ifttt.com"" rel=""nofollow"">IFTTT</a>","","","","","","","","","","https://t.co/sBuxQxLgwq","https://twngo.cf/2JpH90Z","twngo.cf/2JpH90Z","34.0","57.0","","","","","","","","","","","","","","","0.0","57.0","0.0","null","null","1006002133630582784","null","False","0.0","1.00600213363058278E18","null","False","Mon Jun 11 02:36:13 +0000 2018","null","False","中華民國智障者家長總會 just uploaded a video https://t.co/sBuxQxLgwq","zh","","null","null","null","","","","","","","","","","","","","",""
"null","False","<a href=""https://about.twitter.com/products/tweetdeck"" rel=""nofollow"">TweetDeck</a>","Taipei","16.0","23.0","NetSquared","NetSquared","3.0","14.0","6186292","6186292.0","https://t.co/n1lMuUJuev","https://hubs.ly/H0csKgz0","hubs.ly/H0csKgz0","81.0","104.0","","","","","","","","","","","","","","","0.0","140.0","0.0","null","null","1005965883552903169","null","False","0.0","1.00596588355290317E18","null","False","Mon Jun 11 00:12:11 +0000 2018","null","False","RT @NetSquared: #Taipei 2018-06-12 不能吃的捐款趨勢報告，卻可以讓NPO錢途更穩定？ 解密2017捐款趨勢報告 | 網路星期二 https://t.co/n1lMuUJuev \n@frontiertw @techsoupAPAC @TechSo…","zh","809491.0","","null","null","","","","","","","","","","","","","",""
"","","","","","","Frontiertw","Frontiertw","106.0","117.0","15014959","1.5014959E7","","","","","","","","","","","","","","","","","","","","","","","","","","","","","","","","","","","","","","","","","","","","","","","","","","","","","",""
"","","","","","","TechSoup AsiaPacific","TechSoupAPAC","118.0","131.0","334497540","3.3449754E8","","","","","","","","","","","","","","","","","","","","","","","","","","","","","","","","","","","","","","","","","","","","","","","","","","","","","",""
"null","False","<a href=""https://ifttt.com"" rel=""nofollow"">IFTTT</a>","TaiwanInnocenceProject","67.0","90.0","","","","","","","https://t.co/2RKdEa0GV2","https://mailchi.mp/971d006d9ee2/0sqmly44yp-404155","mailchi.mp/971d006d9ee2/0…","42.0","65.0","","","","","","","","","","","","","","","0.0","90.0","0.0","null","null","1005826717079015424","null","False","0.0","1.00582671707901542E18","null","False","Sun Jun 10 14:59:11 +0000 2018","null","False","[平冤訊息]【冤冤相報x逆思專題】散落的真相拼圖：冤案媒體報導觀察，以鄭性澤案為例 https://t.co/2RKdEa0GV2　 ＃TaiwanInnocenceProject","zh","","null","null","null","","","","","","","","","","","","","",""
"null","False","<a href=""https://sumall.com/"" rel=""nofollow"">SumAll</a>","","","","","","","","","","https://t.co/8F7jSLJDyc","https://sumall.com/performancetweet?utm_source=twitter&utm_medium=publishing&utm_campaign=performance_tweet&utm_content=text_and_media&utm_term=17c465d01051b0a37a5c54f0","sumall.com/performancetwe…","86.0","109.0","https://twitter.com/NGOnewsTW/status/1005781730966626304/photo/1","110.0","133.0","https://t.co/WkLSAeEZvC","http://pbs.twimg.com/media/DfVBJ0cX0AE-4UE.jpg","1005781728739446785","1.00578172873944678E18","https://pbs.twimg.com/media/DfVBJ0cX0AE-4UE.jpg","thumb","150.0","150.0","crop","photo","pic.twitter.com/WkLSAeEZvC","0.0","133.0","0.0","null","null","1005781730966626304","null","False","0.0","1.0057817309666263E18","null","False","Sun Jun 10 12:00:25 +0000 2018","null","False","My week on Twitter 🎉: 2 Retweets, 8.33K Retweet Reach, 1 New Follower. See yours with https://t.co/8F7jSLJDyc https://t.co/WkLSAeEZvC","en","","null","null","null","https://twitter.com/NGOnewsTW/status/1005781730966626304/photo/1","110.0","133.0","https://t.co/WkLSAeEZvC","http://pbs.twimg.com/media/DfVBJ0cX0AE-4UE.jpg","1005781728739446785","1.00578172873944678E18","https://pbs.twimg.com/media/DfVBJ0cX0AE-4UE.jpg","thumb","150.0","150.0","crop","photo","pic.twitter.com/WkLSAeEZvC"
"","","","","","","","","","","","","","","","","","","","","","","","","","small","680.0","340.0","fit","","","","","","","","","","","","","","","","","","","","","","","","","","","","","","","","small","680.0","340.0","fit","",""
"","","","","","","","","","","","","","","","","","","","","","","","","","medium","756.0","378.0","fit","","","","","","","","","","","","","","","","","","","","","","","","","","","","","","","","medium","756.0","378.0","fit","",""
"","","","","","","","","","","","","","","","","","","","","","","","","","large","756.0","378.0","fit","","","","","","","","","","","","","","","","","","","","","","","","","","","","","","","","large","756.0","378.0","fit","",""
"null","False","<a href=""https://ifttt.com"" rel=""nofollow"">IFTTT</a>","","","","","","","","","","https://t.co/yyumSowpxL","https://twngo.cf/2sPy6fB","twngo.cf/2sPy6fB","31.0","54.0","","","","","","","","","","","","","","","0.0","54.0","0.0","null","null","1005544880699998208","null","False","0.0","1.00554488069999821E18","null","False","Sat Jun 09 20:19:16 +0000 2018","null","False","[環資訊息]海洋垃圾的逆襲！盼人類擺脫塑縛，省思寶特瓶之使用 https://t.co/yyumSowpxL","zh","","null","null","null","","","","","","","","","","","","","",""
"null","False","<a href=""https://ifttt.com"" rel=""nofollow"">IFTTT</a>","","","","","","","","","","https://t.co/h4MHeDFUpm","https://twngo.cf/2sVfJom","twngo.cf/2sVfJom","26.0","49.0","","","","","","","","","","","","","","","0.0","49.0","0.0","null","null","1005544878556708865","null","False","0.0","1.00554487855670886E18","null","False","Sat Jun 09 20:19:15 +0000 2018","null","False","[環資訊息]南迴藝術計劃，走入島嶼南端，向自然致敬 https://t.co/h4MHeDFUpm","zh","","null","null","null","","","","","","","","","","","","","",""
"null","False","<a href=""https://ifttt.com"" rel=""nofollow"">IFTTT</a>","","","","","","","","","","https://t.co/G8ZPVJ5Auk","https://twngo.cf/2JxJTp8","twngo.cf/2JxJTp8","30.0","53.0","","","","","","","","","","","","","","","0.0","53.0","0.0","null","null","1005501117390819328","null","False","0.0","1.00550111739081933E18","null","False","Sat Jun 09 17:25:22 +0000 2018","null","False","[酷兒權益訊息]【聲明稿】為自己發聲 － 精神病人同儕支持 https://t.co/G8ZPVJ5Auk","zh","","null","null","null","","","","","","","","","","","","","",""
"null","False","<a href=""https://ifttt.com"" rel=""nofollow"">IFTTT</a>","MigrantWorker","63.0","77.0","","","","","","","https://t.co/C4t2PNyG6L","https://twngo.cf/2t3ibwn","twngo.cf/2t3ibwn","39.0","62.0","","","","","","","","","","","","","","","0.0","77.0","0.0","null","null","968771610688749568","null","False","0.0","9.6877161068874957E17","null","False","Wed Feb 28 08:55:25 +0000 2018","null","False","[One-Forty]【聽東南亞說】即使再年輕，最應當活著的那段歲月也過去了 https://t.co/C4t2PNyG6L #MigrantWorker","zh","","null","null","null","","","","","","","","","","","","","",""
"null","False","<a href=""https://ifttt.com"" rel=""nofollow"">IFTTT</a>","","","","","","","","","","https://t.co/Y3X2WuSegD","https://twngo.cf/2HSHCnI","twngo.cf/2HSHCnI","26.0","49.0","","","","","","","","","","","","","","","0.0","49.0","0.0","null","null","968671183620231168","null","False","0.0","9.6867118362023117E17","null","False","Wed Feb 28 02:16:21 +0000 2018","null","False","[華人民主書院]西藏流亡異議人士吁世界正視西藏問題 https://t.co/Y3X2WuSegD","zh","","null","null","null","","","","","","","","","","","","","",""
"null","False","<a href=""https://ifttt.com"" rel=""nofollow"">IFTTT</a>","","","","","","","","","","https://t.co/BTvHuFp8lv","https://twngo.cf/2GPe89g","twngo.cf/2GPe89g","28.0","51.0","","","","","","","","","","","","","","","0.0","51.0","0.0","null","null","968671181506334721","null","False","0.0","9.6867118150633472E17","null","False","Wed Feb 28 02:16:21 +0000 2018","null","False","[華人民主書院]專訪鮑彤：中共高層當年為何廢除終身制？ https://t.co/BTvHuFp8lv","zh","","null","null","null","","","","","","","","","","","","","",""
"null","False","<a href=""https://ifttt.com"" rel=""nofollow"">IFTTT</a>","","","","","","","","","","https://t.co/OyVGA1AHUi","https://twngo.cf/2HPRyPb","twngo.cf/2HPRyPb","31.0","54.0","","","","","","","","","","","","","","","0.0","54.0","0.0","null","null","968671178889007104","null","False","0.0","9.686711788890071E17","null","False","Wed Feb 28 02:16:20 +0000 2018","null","False","[華人民主書院]中國官船被爆闖阿根廷非法捕魚挨槍 逃命8小時 https://t.co/OyVGA1AHUi","zh","","null","null","null","","","","","","","","","","","","","",""
"null","False","<a href=""https://ifttt.com"" rel=""nofollow"">IFTTT</a>","","","","","","","","","","https://t.co/KukU4TZFs4","https://twngo.cf/2GRDMKx","twngo.cf/2GRDMKx","29.0","52.0","","","","","","","","","","","","","","","0.0","52.0","0.0","null","null","968671176259244032","null","False","0.0","9.6867117625924403E17","null","False","Wed Feb 28 02:16:20 +0000 2018","null","False","[華人民主書院]人權觀察 : 中國利用大數據鎮壓少數民族 https://t.co/KukU4TZFs4","zh","","null","null","null","","","","","","","","","","","","","",""
"null","False","<a href=""https://ifttt.com"" rel=""nofollow"">IFTTT</a>","","","","","","","","","","https://t.co/z6qxAEUIe5","https://twngo.cf/2t3GJWl","twngo.cf/2t3GJWl","23.0","46.0","","","","","","","","","","","","","","","0.0","46.0","0.0","null","null","968589141154979840","null","False","0.0","9.6858914115497984E17","null","False","Tue Feb 27 20:50:21 +0000 2018","null","False","[伊甸]伊甸園372下期│把握當下 愛即永恆 https://t.co/z6qxAEUIe5","zh","","null","null","null","","","","","","","","","","","","","",""
"null","False","<a href=""https://ifttt.com"" rel=""nofollow"">IFTTT</a>","","","","","","","","","","https://t.co/nGwcK9zgQB","https://twngo.cf/2HRXB5B","twngo.cf/2HRXB5B","46.0","69.0","","","","","","","","","","","","","","","0.0","69.0","0.0","null","null","968517950348111873","null","False","0.0","9.6851795034811187E17","null","False","Tue Feb 27 16:07:28 +0000 2018","null","False","[公民行動資料庫]【新聞稿】桃園航空城都市計畫審計記者會─縮小二期發展區，水尾地區要聽證！ https://t.co/nGwcK9zgQB","zh","","null","null","null","","","","","","","","","","","","","",""
"null","False","<a href=""https://ifttt.com"" rel=""nofollow"">IFTTT</a>","","","","","","","","","","https://t.co/H95ZjgU0Yo","https://twngo.cf/2t2QQKW","twngo.cf/2t2QQKW","32.0","55.0","","","","","","","","","","","","","","","0.0","55.0","0.0","null","null","968515424945139713","null","False","0.0","9.6851542494513971E17","null","False","Tue Feb 27 15:57:26 +0000 2018","null","False","[公民行動資料庫]【聲明】政府規劃高鐵延伸屏東應以始發站為目標 https://t.co/H95ZjgU0Yo","zh","","null","null","null","","","","","","","","","","","","","",""
"null","False","<a href=""https://ifttt.com"" rel=""nofollow"">IFTTT</a>","","","","","","","","","","https://t.co/ZrYsHhH0Kx","https://twngo.cf/2F4SJf5","twngo.cf/2F4SJf5","40.0","63.0","","","","","","","","","","","","","","","0.0","63.0","0.0","null","null","968515420859912193","null","False","0.0","9.6851542085991219E17","null","False","Tue Feb 27 15:57:25 +0000 2018","null","False","[公民行動資料庫]【聲明】心生活精神族群充權服務——龍發堂強制解散的回應與呼籲 https://t.co/ZrYsHhH0Kx","zh","","null","null","null","","","","","","","","","","","","","",""
"null","False","<a href=""https://ifttt.com"" rel=""nofollow"">IFTTT</a>","","","","","","","","","","https://t.co/Obzk3OXgat","https://twngo.cf/2BSTBkJ","twngo.cf/2BSTBkJ","54.0","77.0","","","","","","","","","","","","","","","0.0","77.0","0.0","null","null","968513025069129728","null","False","0.0","9.6851302506912973E17","null","False","Tue Feb 27 15:47:53 +0000 2018","null","False","[公民行動資料庫]【新聞稿】賴揆跳票！七成大專教師未「加薪3%」！  工會籲：全體教職員工應比照正教授調幅 https://t.co/Obzk3OXgat","zh","","null","null","null","","","","","","","","","","","","","",""
"null","False","<a href=""https://ifttt.com"" rel=""nofollow"">IFTTT</a>","","","","","","","","","","https://t.co/vH5CoFy8O4","https://twngo.cf/2BSEcB2","twngo.cf/2BSEcB2","41.0","64.0","","","","","","","","","","","","","","","0.0","64.0","0.0","null","null","968510377997856768","null","False","0.0","9.6851037799785677E17","null","False","Tue Feb 27 15:37:22 +0000 2018","null","False","[公民行動資料庫]【新聞稿】平日橘害應減二成 紅害要減四成 上風處也要配合同步減 https://t.co/vH5CoFy8O4","zh","","null","null","null","","","","","","","","","","","","","",""
"null","False","<a href=""http://twitter.com"" rel=""nofollow"">Twitter Web Client</a>","NGO","33.0","37.0","YingChu Chen","yinchuchen","3.0","14.0","7139882","7139882.0","","","","","","","","","","","","","","","","","","","","0.0","140.0","0.0","null","null","968452821728112640","null","False","0.0","9.6845282172811264E17","null","","Tue Feb 27 11:48:40 +0000 2018","null","False","RT @yinchuchen: Great article to #NGO to have a secure CA , and critised https situation of TW GOV websites“NGOs 快讓網站連線安全加密吧” @NGOnewsTW ht…","zh","","null","null","null","","","","","","","","","","","","","",""
"","","","","","","NGO news from Taiwan","NGOnewsTW","126.0","136.0","770241326172418048","7.7024132617241805E17","","","","","","","","","","","","","","","","","","","","","","","","","","","","","","","","","","","","","","","","","","","","","","","","","","","","","",""
"null","False","<a href=""https://ifttt.com"" rel=""nofollow"">IFTTT</a>","","","","","","","","","","https://t.co/wW8QrddXpv","https://twngo.cf/2CMe8o2","twngo.cf/2CMe8o2","36.0","59.0","","","","","","","","","","","","","","","0.0","59.0","0.0","null","null","968436138024333312","null","False","0.0","9.6843613802433331E17","null","False","Tue Feb 27 10:42:22 +0000 2018","null","False","[公民行動資料庫]籲航空城計畫「瘦身」 居民要求剔除水尾地區、舉辦聽證 https://t.co/wW8QrddXpv","zh","","null","null","null","","","","","","","","","","","","","",""
"null","False","<a href=""https://ifttt.com"" rel=""nofollow"">IFTTT</a>","","","","","","","","","","https://t.co/XBp5ZHFCYi","https://twngo.cf/2oySKhV","twngo.cf/2oySKhV","17.0","40.0","","","","","","","","","","","","","","","0.0","40.0","0.0","null","null","968431057640001536","null","False","0.0","9.6843105764000154E17","null","False","Tue Feb 27 10:22:11 +0000 2018","null","False","[永社]文明落差 統一不再是選項 https://t.co/XBp5ZHFCYi","zh","","null","null","null","","","","","","","","","","","","","",""
"null","False","<a href=""https://ifttt.com"" rel=""nofollow"">IFTTT</a>","","","","","","","","","","https://t.co/4BZ10xb3qn","https://twngo.cf/2oEkUav","twngo.cf/2oEkUav","32.0","55.0","","","","","","","","","","","","","","","0.0","55.0","0.0","null","null","968423772003987456","null","False","0.0","9.6842377200398746E17","null","False","Tue Feb 27 09:53:14 +0000 2018","null","False","[環資訊息]南極海洋生態警訊  70%國王企鵝可能在世紀末消失 https://t.co/4BZ10xb3qn","zh","","null","null","null","","","","","","","","","","","","","",""
"null","False","<a href=""https://ifttt.com"" rel=""nofollow"">IFTTT</a>","","","","","","","","","","https://t.co/kXvIAo7YzK","https://twngo.cf/2FxLWYV","twngo.cf/2FxLWYV","31.0","54.0","","","","","","","","","","","","","","","0.0","54.0","0.0","null","null","968413714251763712","null","False","0.0","9.6841371425176371E17","null","False","Tue Feb 27 09:13:16 +0000 2018","null","False","[環資訊息]柴油也有指紋 環署完成圖譜鑑識技術 釐清整治責任 https://t.co/kXvIAo7YzK","zh","","null","null","null","","","","","","","","","","","","","",""
"null","False","<a href=""https://ifttt.com"" rel=""nofollow"">IFTTT</a>","","","","","","","","","","https://t.co/XTkMClc0Os","https://twngo.cf/2HQxjkg","twngo.cf/2HQxjkg","25.0","48.0","","","","","","","","","","","","","","","0.0","48.0","0.0","null","null","968411296742952960","null","False","0.0","9.6841129674295296E17","null","False","Tue Feb 27 09:03:40 +0000 2018","null","False","[環資訊息]聯合聲明：黨紀處罰的是立委還是人民？ https://t.co/XTkMClc0Os","zh","","null","null","null","","","","","","","","","","","","","",""
"null","False","<a href=""https://ifttt.com"" rel=""nofollow"">IFTTT</a>","","","","","","","","","","https://t.co/mybCpnabsq","https://twngo.cf/2CnMQIN","twngo.cf/2CnMQIN","28.0","51.0","","","","","","","","","","","","","","","0.0","51.0","0.0","null","null","968408766013231105","null","False","0.0","9.684087660132311E17","null","False","Tue Feb 27 08:53:36 +0000 2018","null","False","[環資訊息]高雄馬「跳級」降載20%仍紅害 環團籲檢討 https://t.co/mybCpnabsq","zh","","null","null","null","","","","","","","","","","","","","",""
"null","False","<a href=""https://ifttt.com"" rel=""nofollow"">IFTTT</a>","","","","","","","","","","https://t.co/ZpnEWyPtcy","https://twngo.cf/2t1lUKY","twngo.cf/2t1lUKY","21.0","44.0","","","","","","","","","","","","","","","0.0","44.0","0.0","null","null","968401471757832193","null","False","0.0","9.6840147175783219E17","null","False","Tue Feb 27 08:24:37 +0000 2018","null","False","[親子共學訊息]零用錢─就是要不勞而獲！ https://t.co/ZpnEWyPtcy","zh","","null","null","null","","","","","","","","","","","","","",""
"null","False","<a href=""https://ifttt.com"" rel=""nofollow"">IFTTT</a>","","","","","","","","","","https://t.co/AXw2bYckNQ","https://twngo.cf/2otlMPH","twngo.cf/2otlMPH","23.0","46.0","","","","","","","","","","","","","","","0.0","46.0","0.0","null","null","968397210567180288","null","False","0.0","9.6839721056718029E17","null","False","Tue Feb 27 08:07:41 +0000 2018","null","False","[永社]藝術創作與智財法律的交界—專業經紀人 https://t.co/AXw2bYckNQ","zh","","null","null","null","","","","","","","","","","","","","",""
"null","False","<a href=""https://ifttt.com"" rel=""nofollow"">IFTTT</a>","","","","","","","","","","https://t.co/yxCLAKStRV","https://twngo.cf/2EYc79Y","twngo.cf/2EYc79Y","24.0","47.0","","","","","","","","","","","","","","","0.0","47.0","0.0","null","null","968393781404950530","null","False","0.0","9.6839378140495053E17","null","False","Tue Feb 27 07:54:04 +0000 2018","null","False","[高教工會訊息]第三屆會員代表選舉選舉結果公告 https://t.co/yxCLAKStRV","zh","","null","null","null","","","","","","","","","","","","","",""
"null","False","<a href=""https://ifttt.com"" rel=""nofollow"">IFTTT</a>","","","","","","","","","","https://t.co/PN5TN7nUfy","https://twngo.cf/2F5VpZM","twngo.cf/2F5VpZM","35.0","58.0","","","","","","","","","","","","","","","0.0","58.0","0.0","null","null","968390857719238656","null","False","0.0","9.6839085771923866E17","null","False","Tue Feb 27 07:42:26 +0000 2018","null","False","[公民行動資料庫]70%大專教師加薪未滿3% 高教工會批政院承諾跳票 https://t.co/PN5TN7nUfy","zh","","null","null","null","","","","","","","","","","","","","",""
"null","False","<a href=""https://ifttt.com"" rel=""nofollow"">IFTTT</a>","PLWHIV","56.0","63.0","","","","","","","https://t.co/lUkczkbm97","https://twngo.cf/2FxC55n","twngo.cf/2FxC55n","32.0","55.0","","","","","","","","","","","","","","","0.0","63.0","0.0","null","null","968390025439260673","null","False","0.0","9.6839002543926067E17","null","False","Tue Feb 27 07:39:08 +0000 2018","null","False","[台灣露德協會]露德協會2018花蓮地震帕斯堤家庭關懷專案公告 https://t.co/lUkczkbm97 #PLWHIV","zh","","null","null","null","","","","","","","","","","","","","",""
"null","False","<a href=""https://ifttt.com"" rel=""nofollow"">IFTTT</a>","","","","","","","","","","https://t.co/IN0csGLuW8","https://twngo.cf/2HOZkbK","twngo.cf/2HOZkbK","36.0","59.0","","","","","","","","","","","","","","","0.0","59.0","0.0","null","null","968374997763977218","null","False","0.0","9.6837499776397722E17","null","False","Tue Feb 27 06:39:25 +0000 2018","null","False","[台南新芽]【新芽觀點x六都春秋】2017台南大事記（下）：環境、文化 https://t.co/IN0csGLuW8","zh","","null","null","null","","","","","","","","","","","","","",""
"null","False","<a href=""https://ifttt.com"" rel=""nofollow"">IFTTT</a>","","","","","","","","","","https://t.co/rI9qoQ5dfA","https://twngo.cf/2EZq0EW","twngo.cf/2EZq0EW","49.0","72.0","","","","","","","","","","","","","","","0.0","72.0","0.0","null","null","968365876293578752","null","False","0.0","9.6836587629357875E17","null","False","Tue Feb 27 06:03:10 +0000 2018","null","False","[環資訊息]【2040電動車化】業界：2025年後成本、維修、燃料均占優勢  電動車時代提前來臨 https://t.co/rI9qoQ5dfA","zh","","null","null","null","","","","","","","","","","","","","",""
"null","False","<a href=""https://ifttt.com"" rel=""nofollow"">IFTTT</a>","","","","","","","","","","https://t.co/jjCgvocdp1","https://twngo.cf/2GLEqJs","twngo.cf/2GLEqJs","32.0","55.0","","","","","","","","","","","","","","","0.0","55.0","0.0","null","null","968363438224310272","null","False","0.0","9.6836343822431027E17","null","False","Tue Feb 27 05:53:29 +0000 2018","null","False","[環資訊息]航空城計畫範圍再審查 想剔除、想劃入兩方居民大動員 https://t.co/jjCgvocdp1","zh","","null","null","null","","","","","","","","","","","","","",""
"null","False","<a href=""https://about.twitter.com/products/tweetdeck"" rel=""nofollow"">TweetDeck</a>","","","","","","","","","","https://t.co/zLBwFRT2RK","https://to.twngo.xyz/2FykVEP","to.twngo.xyz/2FykVEP","62.0","85.0","","","","","","","","","","","","","","","0.0","85.0","0.0","null","null","968347210474840065","null","False","0.0","9.6834721047484006E17","null","False","Tue Feb 27 04:49:00 +0000 2018","null","False","[NGO 推進器] 本週簡單整理介紹https / SSL/ TLS ,並提供NGOs 如何為自家網站加上安全連線的資訊。\nhttps://t.co/zLBwFRT2RK","zh","","null","null","null","","","","","","","","","","","","","",""
"null","False","<a href=""https://ifttt.com"" rel=""nofollow"">IFTTT</a>","","","","","","","","","","https://t.co/9k6tsW1n5u","https://twngo.cf/2oySka9","twngo.cf/2oySka9","57.0","80.0","","","","","","","","","","","","","","","0.0","80.0","0.0","null","null","968333389190369280","null","False","0.0","9.6833338919036928E17","null","False","Tue Feb 27 03:54:05 +0000 2018","null","False","[高教工會訊息]賴揆跳票！七成大專教師未「加薪3%」！  工會呼籲：全體教職員工應比照正教授級調幅，追上物價水準 https://t.co/9k6tsW1n5u","zh","","null","null","null","","","","","","","","","","","","","",""
"null","False","<a href=""https://ifttt.com"" rel=""nofollow"">IFTTT</a>","","","","","","","","","","https://t.co/1L0ZMy9Ynk","https://twngo.cf/2osEjf8","twngo.cf/2osEjf8","29.0","52.0","","","","","","","","","","","","","","","0.0","52.0","0.0","null","null","968323086675214336","null","False","0.0","9.6832308667521434E17","null","False","Tue Feb 27 03:13:09 +0000 2018","null","False","[環資訊息]【台灣紅皮書】歐亞水獺告急 僅存不及200隻 https://t.co/1L0ZMy9Ynk","zh","","null","null","null","","","","","","","","","","","","","",""
"null","False","<a href=""https://ifttt.com"" rel=""nofollow"">IFTTT</a>","","","","","","","","","","https://t.co/2VOqSobcHB","https://twngo.cf/2GMElFk","twngo.cf/2GMElFk","32.0","55.0","","","","","","","","","","","","","","","0.0","55.0","0.0","null","null","968317344849285121","null","False","0.0","9.6831734484928512E17","null","False","Tue Feb 27 02:50:20 +0000 2018","null","False","[伊甸]伊甸基金會 just uploaded a video https://t.co/2VOqSobcHB","zh","","null","null","null","","","","","","","","","","","","","",""
"null","False","<a href=""https://ifttt.com"" rel=""nofollow"">IFTTT</a>","","","","","","","","","","https://t.co/J0f2gFJ6nX","https://twngo.cf/2EVVhsA","twngo.cf/2EVVhsA","40.0","63.0","","","","","","","","","","","","","","","0.0","63.0","0.0","null","null","968316889029074952","null","False","0.0","9.6831688902907494E17","null","False","Tue Feb 27 02:48:31 +0000 2018","null","False","[環資訊息]【2040電動車化】吃電怪獸還是供電幫手？  充電介面與連網是關鍵 https://t.co/J0f2gFJ6nX","zh","","null","null","null","","","","","","","","","","","","","",""
"null","False","<a href=""https://ifttt.com"" rel=""nofollow"">IFTTT</a>","","","","","","","","","","https://t.co/Nm3QDZowQv","https://twngo.cf/2BSyNd9","twngo.cf/2BSyNd9","27.0","50.0","","","","","","","","","","","","","","","0.0","50.0","0.0","null","null","968314371712733190","null","False","0.0","9.6831437171273318E17","null","False","Tue Feb 27 02:38:31 +0000 2018","null","False","[環資訊息]保育人士死於伊朗獄中 家屬質疑「被自殺」 https://t.co/Nm3QDZowQv","zh","","null","null","null","","","","","","","","","","","","","",""
"null","False","<a href=""https://ifttt.com"" rel=""nofollow"">IFTTT</a>","","","","","","","","","","https://t.co/RE9LxM31lE","https://twngo.cf/2HPTTJO","twngo.cf/2HPTTJO","25.0","48.0","","","","","","","","","","","","","","","0.0","48.0","0.0","null","null","968312605520654336","null","False","0.0","9.6831260552065434E17","null","False","Tue Feb 27 02:31:30 +0000 2018","null","False","[華人民主書院]台外交部長換人 面臨中梵建交挑戰 https://t.co/RE9LxM31lE","zh","","null","null","null","","","","","","","","","","","","","",""
"null","False","<a href=""https://ifttt.com"" rel=""nofollow"">IFTTT</a>","","","","","","","","","","https://t.co/bVzE9otG43","https://twngo.cf/2GNNeOZ","twngo.cf/2GNNeOZ","25.0","48.0","","","","","","","","","","","","","","","0.0","48.0","0.0","null","null","968312602194571264","null","False","0.0","9.6831260219457126E17","null","False","Tue Feb 27 02:31:29 +0000 2018","null","False","[華人民主書院]中共十九屆三中全會周一至周三召開 https://t.co/bVzE9otG43","zh","","null","null","null","","","","","","","","","","","","","",""
"null","False","<a href=""https://ifttt.com"" rel=""nofollow"">IFTTT</a>","","","","","","","","","","https://t.co/SW314I63rg","https://twngo.cf/2HPop6C","twngo.cf/2HPop6C","24.0","47.0","","","","","","","","","","","","","","","0.0","47.0","0.0","null","null","968312600177119232","null","False","0.0","9.6831260017711923E17","null","False","Tue Feb 27 02:31:28 +0000 2018","null","False","[華人民主書院]中共修憲放大招　網上輿論炸了鍋 https://t.co/SW314I63rg","zh","","null","null","null","","","","","","","","","","","","","",""
"null","False","<a href=""https://ifttt.com"" rel=""nofollow"">IFTTT</a>","","","","","","","","","","https://t.co/uIAY44eYMW","https://twngo.cf/2GLSB0X","twngo.cf/2GLSB0X","29.0","52.0","","","","","","","","","","","","","","","0.0","52.0","0.0","null","null","968312596544868352","null","False","0.0","9.6831259654486835E17","null","False","Tue Feb 27 02:31:28 +0000 2018","null","False","[華人民主書院]陸人權律師李柏光突過世 國際組織指不尋常 https://t.co/uIAY44eYMW","zh","","null","null","null","","","","","","","","","","","","","",""
"null","False","<a href=""https://ifttt.com"" rel=""nofollow"">IFTTT</a>","","","","","","","","","","https://t.co/ygzbNnED3g","https://twngo.cf/2GN0fZh","twngo.cf/2GN0fZh","31.0","54.0","","","","","","","","","","","","","","","0.0","54.0","0.0","null","null","968310250813231105","null","False","0.0","9.683102508132311E17","null","False","Tue Feb 27 02:22:08 +0000 2018","null","False","[白絲帶協會]【詐騙集團鎖定中油 加LINE送油券 假的！】 https://t.co/ygzbNnED3g","zh","","null","null","null","","","","","","","","","","","","","",""
"null","False","<a href=""https://ifttt.com"" rel=""nofollow"">IFTTT</a>","","","","","","","","","","https://t.co/fgt7ER6owL","https://twngo.cf/2HQ2goS","twngo.cf/2HQ2goS","31.0","54.0","","","","","","","","","","","","","","","0.0","54.0","0.0","null","null","968310247575171074","null","False","0.0","9.6831024757517107E17","null","False","Tue Feb 27 02:22:08 +0000 2018","null","False","[白絲帶協會]【兒少瘋直播APP 情色內容、個資安全不設防】 https://t.co/fgt7ER6owL","zh","","null","null","null","","","","","","","","","","","","","",""
"null","False","<a href=""https://ifttt.com"" rel=""nofollow"">IFTTT</a>","","","","","","","","","","https://t.co/2VOqSobcHB","https://twngo.cf/2GMElFk","twngo.cf/2GMElFk","28.0","51.0","","","","","","","","","","","","","","","0.0","51.0","0.0","null","null","968308742935793664","null","False","0.0","9.6830874293579366E17","null","False","Tue Feb 27 02:16:09 +0000 2018","null","False","伊甸基金會 just uploaded a video https://t.co/2VOqSobcHB","zh","","null","null","null","","","","","","","","","","","","","",""
"null","False","<a href=""https://ifttt.com"" rel=""nofollow"">IFTTT</a>","LGBTIQTaiwan","54.0","67.0","","","","","","","https://t.co/9cqFYcXfqZ","https://twngo.cf/2otcseN","twngo.cf/2otcseN","30.0","53.0","","","","","","","","","","","","","","","0.0","67.0","0.0","null","null","968104904509280257","null","False","0.0","9.6810490450928026E17","null","False","Mon Feb 26 12:46:10 +0000 2018","null","False","[同志熱線訊息]2018年熱線熟女同志聊天會活動時間一覽表 https://t.co/9cqFYcXfqZ #LGBTIQTaiwan","zh","","null","null","null","","","","","","","","","","","","","",""
"null","False","<a href=""https://ifttt.com"" rel=""nofollow"">IFTTT</a>","LGBTIQTaiwan","59.0","72.0","","","","","","","https://t.co/DinlkoMbtU","https://twngo.cf/2oCsYsj","twngo.cf/2oCsYsj","35.0","58.0","","","","","","","","","","","","","","","0.0","72.0","0.0","null","null","968104902227562496","null","False","0.0","9.681049022275625E17","null","False","Mon Feb 26 12:46:09 +0000 2018","null","False","[同志熱線訊息]20180318【南部】同志父母親人座談會-台南場  https://t.co/DinlkoMbtU #LGBTIQTaiwan","zh","","null","null","null","","","","","","","","","","","","","",""
"null","False","<a href=""https://ifttt.com"" rel=""nofollow"">IFTTT</a>","","","","","","","","","","https://t.co/AW6JG9lpH1","https://twngo.cf/2FxRouP","twngo.cf/2FxRouP","50.0","73.0","","","","","","","","","","","","","","","0.0","73.0","0.0","null","null","968099398738743298","null","False","0.0","9.680993987387433E17","null","False","Mon Feb 26 12:24:17 +0000 2018","null","False","[台權會 on Medium]為什麼要對方明確同意才能愛愛？律師：因為就是有人以為「不要就是要」！ https://t.co/AW6JG9lpH1","zh","","null","null","null","","","","","","","","","","","","","",""
"null","False","<a href=""https://ifttt.com"" rel=""nofollow"">IFTTT</a>","","","","","","","","","","https://t.co/0yPUGsmCwN","https://twngo.cf/2CkCMjH","twngo.cf/2CkCMjH","34.0","57.0","","","","","","","","","","","","","","","0.0","57.0","0.0","null","null","968098867123249152","null","False","0.0","9.6809886712324915E17","null","False","Mon Feb 26 12:22:10 +0000 2018","null","False","[公民行動資料庫]【投書】讓性別正義成為建立台灣新國家的憲法試金石 https://t.co/0yPUGsmCwN","zh","","null","null","null","","","","","","","","","","","","","",""
"null","False","<a href=""https://ifttt.com"" rel=""nofollow"">IFTTT</a>","","","","","","","","","","https://t.co/R6o7F0XkcL","https://twngo.cf/2sU8noH","twngo.cf/2sU8noH","39.0","62.0","","","","","","","","","","","","","","","0.0","62.0","0.0","null","null","968096329070252032","null","False","0.0","9.6809632907025203E17","null","False","Mon Feb 26 12:12:05 +0000 2018","null","False","[公民行動資料庫]《燦爛時光會客室》第189集：為西藏自由而騎 聲援圖博人權 https://t.co/R6o7F0XkcL","zh","","null","null","null","","","","","","","","","","","","","",""
"null","False","<a href=""https://ifttt.com"" rel=""nofollow"">IFTTT</a>","","","","","","","","","","https://t.co/8cuGZi4NpY","https://twngo.cf/2Clh9zF","twngo.cf/2Clh9zF","18.0","41.0","","","","","","","","","","","","","","","0.0","41.0","0.0","null","null","968063378974486528","null","False","0.0","9.6806337897448653E17","null","False","Mon Feb 26 10:01:09 +0000 2018","null","False","[蠻野心足訊息]核二重啟 請再三思 https://t.co/8cuGZi4NpY","zh","","null","null","null","","","","","","","","","","","","","",""
"null","False","<a href=""https://ifttt.com"" rel=""nofollow"">IFTTT</a>","TaiwanInnocenceProject","56.0","79.0","","","","","","","https://t.co/c7XIfwehdt","https://twngo.cf/2GN6V9p","twngo.cf/2GN6V9p","32.0","55.0","","","","","","","","","","","","","","","0.0","79.0","0.0","null","null","968052030207090689","null","False","0.0","9.6805203020709069E17","null","False","Mon Feb 26 09:16:04 +0000 2018","null","False","[平冤訊息]【冤冤相報 no.21】在含了冤的時間裡，沒有走散 https://t.co/c7XIfwehdt ＃TaiwanInnocenceProject","zh","","null","null","null","","","","","","","","","","","","","",""
"null","False","<a href=""https://ifttt.com"" rel=""nofollow"">IFTTT</a>","","","","","","","","","","https://t.co/GCwmiLjTj5","https://twngo.cf/2CIkwMT","twngo.cf/2CIkwMT","36.0","59.0","","","","","","","","","","","","","","","0.0","59.0","0.0","null","null","968028673214500865","null","False","0.0","9.6802867321450086E17","null","False","Mon Feb 26 07:43:15 +0000 2018","null","False","[環資訊息]每月8000億顆入海  守護孟加拉灣  禁用柔珠連署展開中 https://t.co/GCwmiLjTj5","zh","","null","null","null","","","","","","","","","","","","","",""
"null","False","<a href=""https://ifttt.com"" rel=""nofollow"">IFTTT</a>","","","","","","","","","","https://t.co/h99gjC9gri","https://twngo.cf/2GIYJaq","twngo.cf/2GIYJaq","58.0","81.0","","","","","","","","","","","","","","","0.0","81.0","0.0","null","null","968001533710360576","null","False","0.0","9.6800153371036058E17","null","False","Mon Feb 26 05:55:24 +0000 2018","null","False","[台語文基金會]2017年阿却賞（A-Khioh Siúnn）  台語短篇小說組kap台語繪本故事組獎勵金入選名單 https://t.co/h99gjC9gri","zh","","null","null","null","","","","","","","","","","","","","",""
"null","False","<a href=""https://ifttt.com"" rel=""nofollow"">IFTTT</a>","","","","","","","","","","https://t.co/97e8kGy26Q","https://twngo.cf/2HLNNdu","twngo.cf/2HLNNdu","18.0","41.0","","","","","","","","","","","","","","","0.0","41.0","0.0","null","null","968001530380070912","null","False","0.0","9.6800153038007091E17","null","False","Mon Feb 26 05:55:24 +0000 2018","null","False","[台語文基金會]2/21世界母語日 https://t.co/97e8kGy26Q","zh","","null","null","null","","","","","","","","","","","","","",""
"null","False","<a href=""https://ifttt.com"" rel=""nofollow"">IFTTT</a>","","","","","","","","","","https://t.co/iKGkkSSsX8","https://twngo.cf/2BQ3bF3","twngo.cf/2BQ3bF3","65.0","88.0","","","","","","","","","","","","","","","0.0","88.0","0.0","null","null","968001286875607040","null","False","0.0","9.6800128687560704E17","null","False","Mon Feb 26 05:54:26 +0000 2018","null","False","[高教工會訊息]【0227採訪通知】賴揆跳票！七成大專教師未「加薪3%」！工會呼籲：全體教職員工應比照正教授級調幅，追上物價水準 https://t.co/iKGkkSSsX8","zh","","null","null","null","","","","","","","","","","","","","",""
"null","False","<a href=""https://ifttt.com"" rel=""nofollow"">IFTTT</a>","","","","","","","","","","https://t.co/r4bfNLZplP","https://twngo.cf/2GJZpwc","twngo.cf/2GJZpwc","21.0","44.0","","","","","","","","","","","","","","","0.0","44.0","0.0","null","null","967993214039920640","null","False","0.0","9.6799321403992064E17","null","False","Mon Feb 26 05:22:21 +0000 2018","null","False","[綠色和平台灣]海洋保護區，真的有用嗎？ https://t.co/r4bfNLZplP","zh","","null","null","null","","","","","","","","","","","","","",""
"null","False","<a href=""https://ifttt.com"" rel=""nofollow"">IFTTT</a>","","","","","","","","","","https://t.co/TB2IAN3Tkd","https://twngo.cf/2oqCK1o","twngo.cf/2oqCK1o","40.0","63.0","","","","","","","","","","","","","","","0.0","63.0","0.0","null","null","967991169195085824","null","False","0.0","9.6799116919508582E17","null","False","Mon Feb 26 05:14:13 +0000 2018","null","False","[公民行動資料庫]【新聞稿】糖鐵南北線拆不得！青年國美館、台中後站快閃藝術抗爭 https://t.co/TB2IAN3Tkd","zh","","null","null","null","","","","","","","","","","","","","",""
"null","False","<a href=""https://ifttt.com"" rel=""nofollow"">IFTTT</a>","","","","","","","","","","https://t.co/lZmg9AcP7W","https://twngo.cf/2BTY0DU","twngo.cf/2BTY0DU","34.0","57.0","","","","","","","","","","","","","","","0.0","57.0","0.0","null","null","967990199673335808","null","False","0.0","9.6799019967333581E17","null","False","Mon Feb 26 05:10:22 +0000 2018","null","False","[司改會訊息]司改座談台中：3/11(日)法醫師執業實務現況與未來 https://t.co/lZmg9AcP7W","zh","","null","null","null","","","","","","","","","","","","","",""
"null","False","<a href=""https://ifttt.com"" rel=""nofollow"">IFTTT</a>","","","","","","","","","","https://t.co/RA5b0s4OZD","https://twngo.cf/2Cks38S","twngo.cf/2Cks38S","33.0","56.0","","","","","","","","","","","","","","","0.0","56.0","0.0","null","null","967986187192463360","null","False","0.0","9.6798618719246336E17","null","False","Mon Feb 26 04:54:25 +0000 2018","null","False","[公民行動資料庫]【聲明】關於中共廢除國家主席任期限制的緊急聲明 https://t.co/RA5b0s4OZD","zh","","null","null","null","","","","","","","","","","","","","",""
"null","False","<a href=""https://ifttt.com"" rel=""nofollow"">IFTTT</a>","","","","","","","","","","https://t.co/WBGVbyLsw4","https://twngo.cf/2CIUQQ8","twngo.cf/2CIUQQ8","60.0","83.0","","","","","","","","","","","","","","","0.0","83.0","0.0","null","null","967982132395167744","null","False","0.0","9.6798213239516774E17","null","False","Mon Feb 26 04:38:19 +0000 2018","null","False","[台灣非洲之心]捐款名單李O瑋  $1,000   善心人士  $100  蔡O玲  $300  善心人士  $200 https://t.co/WBGVbyLsw4","zh","","null","null","null","","","","","","","","","","","","","",""
"null","False","<a href=""https://ifttt.com"" rel=""nofollow"">IFTTT</a>","","","","","","","","","","https://t.co/ayDYaLKg0H","https://twngo.cf/2Cj22Hb","twngo.cf/2Cj22Hb","31.0","54.0","","","","","","","","","","","","","","","0.0","54.0","0.0","null","null","967960750475153408","null","False","0.0","9.6796075047515341E17","null","False","Mon Feb 26 03:13:21 +0000 2018","null","False","[環資訊息]都市林也重生態復育  美樹藝師抵台北植物園做示範 https://t.co/ayDYaLKg0H","zh","","null","null","null","","","","","","","","","","","","","",""
"null","False","<a href=""https://ifttt.com"" rel=""nofollow"">IFTTT</a>","","","","","","","","","","https://t.co/4p00A3u9bC","https://twngo.cf/2Fun8ks","twngo.cf/2Fun8ks","29.0","52.0","","","","","","","","","","","","","","","0.0","52.0","0.0","null","null","967958218474446849","null","False","0.0","9.6795821847444685E17","null","False","Mon Feb 26 03:03:17 +0000 2018","null","False","[環資訊息]【我們的島】路殺大調查 第一階段認養計畫開跑 https://t.co/4p00A3u9bC","zh","","null","null","null","","","","","","","","","","","","","",""
"null","False","<a href=""https://ifttt.com"" rel=""nofollow"">IFTTT</a>","","","","","","","","","","https://t.co/52kHtkbOVR","https://twngo.cf/2oqSwt4","twngo.cf/2oqSwt4","31.0","54.0","","","","","","","","","","","","","","","0.0","54.0","0.0","null","null","967956910220726277","null","False","0.0","9.6795691022072627E17","null","False","Mon Feb 26 02:58:05 +0000 2018","null","False","[環資訊息]【我們的島】馬頭山的生態秘密 刺竹林竟是動物天堂 https://t.co/52kHtkbOVR","zh","","null","null","null","","","","","","","","","","","","","",""
"null","False","<a href=""https://ifttt.com"" rel=""nofollow"">IFTTT</a>","","","","","","","","","","https://t.co/bZFaloylOp","https://twngo.cf/2CJihc8","twngo.cf/2CJihc8","29.0","52.0","","","","","","","","","","","","","","","0.0","52.0","0.0","null","null","967955154258530304","null","False","0.0","9.679551542585303E17","null","False","Mon Feb 26 02:51:07 +0000 2018","null","False","[華人民主書院]不懼北京打壓 陳日君鼓勵港人要尊嚴不低頭 https://t.co/bZFaloylOp","zh","","null","null","null","","","","","","","","","","","","","",""
"null","False","<a href=""https://ifttt.com"" rel=""nofollow"">IFTTT</a>","","","","","","","","","","https://t.co/3LINSmaiy4","https://twngo.cf/2F2xRVE","twngo.cf/2F2xRVE","31.0","54.0","","","","","","","","","","","","","","","0.0","54.0","0.0","null","null","967955150471073794","null","False","0.0","9.6795515047107379E17","null","False","Mon Feb 26 02:51:06 +0000 2018","null","False","[華人民主書院]拉薩大昭寺共三層被燒 佛殿門被鎖僧侶救火受阻 https://t.co/3LINSmaiy4","zh","","null","null","null","","","","","","","","","","","","","",""
"null","False","<a href=""https://ifttt.com"" rel=""nofollow"">IFTTT</a>","","","","","","","","","","https://t.co/brCgI7WbP6","https://twngo.cf/2ClLbnb","twngo.cf/2ClLbnb","30.0","53.0","","","","","","","","","","","","","","","0.0","53.0","0.0","null","null","967954516992778241","null","False","0.0","9.6795451699277824E17","null","False","Mon Feb 26 02:48:35 +0000 2018","null","False","[環資訊息]【我們的島】新竹媽媽救水源 組隊探訪頭前溪上游 https://t.co/brCgI7WbP6","zh","","null","null","null","","","","","","","","","","","","","",""
"null","False","<a href=""https://ifttt.com"" rel=""nofollow"">IFTTT</a>","","","","","","","","","","https://t.co/BCqjm3hg8O","https://twngo.cf/2BQpF8N","twngo.cf/2BQpF8N","27.0","50.0","","","","","","","","","","","","","","","0.0","50.0","0.0","null","null","967954021607788552","null","False","0.0","9.6795402160778854E17","null","False","Mon Feb 26 02:46:37 +0000 2018","null","False","兒福聯盟 just uploaded a video https://t.co/BCqjm3hg8O","zh","","null","null","null","","","","","","","","","","","","","",""
"null","False","<a href=""https://ifttt.com"" rel=""nofollow"">IFTTT</a>","","","","","","","","","","https://t.co/ZxgIG0w9C6","https://twngo.cf/2owLrq7","twngo.cf/2owLrq7","33.0","56.0","","","","","","","","","","","","","","","0.0","56.0","0.0","null","null","967952676427390976","null","False","0.0","9.6795267642739098E17","null","False","Mon Feb 26 02:41:16 +0000 2018","null","False","[華人民主書院]中共擬廢除“兩屆任期”限制，終身制是否卷土重來？ https://t.co/ZxgIG0w9C6","zh","","null","null","null","","","","","","","","","","","","","",""
"null","False","<a href=""https://ifttt.com"" rel=""nofollow"">IFTTT</a>","","","","","","","","","","https://t.co/FHEHTU0naC","https://twngo.cf/2HIYnBU","twngo.cf/2HIYnBU","12.0","35.0","","","","","","","","","","","","","","","0.0","35.0","0.0","null","null","967949366379065344","null","False","0.0","9.6794936637906534E17","null","False","Mon Feb 26 02:28:07 +0000 2018","null","False","[澄社訊息]保衛自由市 https://t.co/FHEHTU0naC","zh","","null","null","null","","","","","","","","","","","","","",""
"null","False","<a href=""https://ifttt.com"" rel=""nofollow"">IFTTT</a>","","","","","","","","","","https://t.co/y72Yo7ZYPr","https://twngo.cf/2BSjwt2","twngo.cf/2BSjwt2","48.0","71.0","","","","","","","","","","","","","","","0.0","71.0","0.0","null","null","967946173427474438","null","False","0.0","9.6794617342747443E17","null","False","Mon Feb 26 02:15:25 +0000 2018","null","False","[慈林基金會]「228事件暨林家祖孫受難」2018年追思紀念活動流程表公告，敬邀各界朋友參加~ https://t.co/y72Yo7ZYPr","zh","","null","null","null","","","","","","","","","","","","","",""
"null","False","<a href=""https://ifttt.com"" rel=""nofollow"">IFTTT</a>","","","","","","","","","","https://t.co/mwJY6ht2O0","https://twngo.cf/2ET42DB","twngo.cf/2ET42DB","25.0","48.0","","","","","","","","","","","","","","","0.0","48.0","0.0","null","null","967895256250437633","null","False","0.0","9.6789525625043763E17","null","False","Sun Feb 25 22:53:06 +0000 2018","null","False","[環資訊息]311後 群馬縣血癌3倍增 災民有感 https://t.co/mwJY6ht2O0","zh","","null","null","null","","","","","","","","","","","","","",""
"null","False","<a href=""https://ifttt.com"" rel=""nofollow"">IFTTT</a>","TaiwanInnocenceProject","57.0","80.0","","","","","","","https://t.co/Y34rKmrTXR","https://us15.campaign-archive.com/?u=a98c6a57f98a45f38d3109e49&id=56b6473c11","us15.campaign-archive.com/?u=a98c6a57f98…","32.0","55.0","","","","","","","","","","","","","","","0.0","80.0","0.0","null","null","967788405806448640","null","False","0.0","9.6778840580644864E17","null","False","Sun Feb 25 15:48:31 +0000 2018","null","False","[平冤訊息]【冤冤相報 no.21】在含了冤的時間裡，沒有走散 https://t.co/Y34rKmrTXR　 ＃TaiwanInnocenceProject","zh","","null","null","null","","","","","","","","","","","","","",""
"null","False","<a href=""https://ifttt.com"" rel=""nofollow"">IFTTT</a>","","","","","","","","","","https://t.co/HvY1FRkdbR","https://twngo.cf/2GJ5ZD2","twngo.cf/2GJ5ZD2","31.0","54.0","","","","","","","","","","","","","","","0.0","54.0","0.0","null","null","967768965744398336","null","False","0.0","9.6776896574439834E17","null","False","Sun Feb 25 14:31:16 +0000 2018","null","False","公民監督國會聯盟 just uploaded a video https://t.co/HvY1FRkdbR","zh","","null","null","null","","","","","","","","","","","","","",""
"null","False","<a href=""https://ifttt.com"" rel=""nofollow"">IFTTT</a>","LGBITaiwan","37.0","48.0","","","","","","","https://t.co/mIn3CjBLd5","https://twngo.cf/2FtVcgG","twngo.cf/2FtVcgG","13.0","36.0","","","","","","","","","","","","","","","0.0","48.0","0.0","null","null","967731748514787328","null","False","0.0","9.6773174851478733E17","null","False","Sun Feb 25 12:03:23 +0000 2018","null","False","[台灣基地]【重要公告】 https://t.co/mIn3CjBLd5 #LGBITaiwan","ja","","null","null","null","","","","","","","","","","","","","",""
